<?xml version="1.0" encoding="UTF-8"?>
<DocSetNodes version="1.0">
    <TOC>
        <Node type="folder">
            <Name>iOS AdMobile SDK v2.11</Name>
            <Path>index.html</Path>
			<Subnodes>
				
				<Node type="folder">
					<Name>Classes</Name>
					<Path>index.html</Path>
					<Subnodes>
						<NodeRef refid="1"/>
						
					</Subnodes>
				</Node>
				
				
				
				<Node type="folder">
					<Name>Protocols</Name>
					<Path>index.html</Path>
					<Subnodes>
						<NodeRef refid="2"/>
						
					</Subnodes>
				</Node>
				
			</Subnodes>
        </Node>
    </TOC>
	<Library>
		<Node id="1">
			<Name>MASTAdView</Name>
			<Path>Classes/MASTAdView.html</Path>
		</Node>
		
		
		<Node id="2">
			<Name>MASTAdViewDelegate</Name>
			<Path>Protocols/MASTAdViewDelegate.html</Path>
		</Node>
		
	</Library>
</DocSetNodes>